{
  "project_info": {
    "project_number": "263208607436",
    "project_id": "neat-bricolage-420211",
    "storage_bucket": "neat-bricolage-420211.appspot.com"
  },
  "client": [
    {
      "client_info": {
        "mobilesdk_app_id": "1:263208607436:android:712c11a3e148d99cd72c69",
        "android_client_info": {
          "package_name": "com.example.paranoids"
        }
      },
      "oauth_client": [
        {
          "client_id": "263208607436-3vd2c508o61ka5gmf0e69o1obf68dlru.apps.googleusercontent.com",
          "client_type": 1,
          "android_info": {
            "package_name": "com.example.paranoids",
            "certificate_hash": "ef045f5b107490b303b6a56803e9babd74d75be6"
          }
        },
        {
          "client_id": "263208607436-j2amm096r8uvobobjo732neoope9e730.apps.googleusercontent.com",
          "client_type": 3
        }
      ],
      "api_key": [
        {
          "current_key": "AIzaSyCEfo2vVJxyWHFgfywurq0Olg7ai2z-0ys"
        }
      ],
      "services": {
        "appinvite_service": {
          "other_platform_oauth_client": [
            {
              "client_id": "263208607436-j2amm096r8uvobobjo732neoope9e730.apps.googleusercontent.com",
              "client_type": 3
            }
          ]
        }
      }
    }
  ],
  "configuration_version": "1"
}
